id;header;footer;paragraph
1;Assistant Colorado Cambridgeshire;Guinea;Global online
2;Usability systems TCP;compress Computers Haven;executive infrastructures copy
3;array;Salad;Sausages azure
4;interactive XML;card Handcrafted;Chicken matrices reboot
5;Island Unbranded;system Pants Gloves;Liaison Port
6;primary Bedfordshire;Granite;Usability Fresh copy
7;Tools orange array;USB Cambridgeshire;Cotton utilize Dong
8;open-source;Gorgeous;Corner
9;Rubber viral Well;maximize;invoice
10;Granite Corporate;Investor multi-byte Grocery;back Kids
